category,catchment_range,political_segregation,num_places
ATM,9887.734389149573,0.33185199317273628,401
Academic Building,12839.988420282081,0.43351488312902448,409
Accessories,14792.789934151187,0.29649141752937402,526
Acupuncturist,11802.054194780447,0.42799906847479935,122
Administrative Building,14124.717865290646,0.3959142487813711,248
Adult Education Center,14376.048228255717,0.31757291461845433,3
Advertising Agency,17535.539055948291,0.37123285685090329,147
Afghan,12189.258293421142,0.40304472427922927,9
African,12341.255773822757,0.62201958773047894,20
Airport,24690.550773431489,0.31078882620453419,45
Airport Service,23814.600224322814,0.35176483679930359,8
American,14515.657046883825,0.33214478213102311,3238
Amphitheater,19351.881237119022,0.47679280568423615,3
Animal Shelter,12674.982202989317,0.38247799223498774,39
Antiques,16597.806655984587,0.35030267572610696,108
Apparel,13690.087921810269,0.35412084469057081,3827
Aquarium,24698.699280916662,0.30994448547590175,15
Arcade,15571.903840214698,0.36548593032868565,263
Arepas,12672.014219902338,0.47008137386798876,19
Argentinian,12037.826774008152,0.42889211447780257,43
Art Gallery,14730.752685015084,0.49185316565957887,659
Art Museum,18973.76102271229,0.45125947454045212,95
Arts,13407.004948258624,0.454165503394306,93
Arts & Crafts,11716.080988309652,0.31421046844195777,598
Arts & Entertainment,10304.91367613406,0.45285084491400196,15
Asian,13581.317775665775,0.36696676486260665,371
Astrologer,10434.154822672492,0.36620741088276626,12
Athletics & Sports,12644.745866361747,0.313005712983565,207
Auditorium,16784.099719187459,0.43163099515388881,53
Australian,13983.591153888125,0.51561593511627468,9
Auto Dealer,15839.943858505494,0.31163358244142797,3341
Auto Garage,12314.788988631728,0.25985271556854217,108
Auto Workshop,11093.547051524925,0.31755526280266394,36
Automotive,12843.067929127434,0.32523445725777028,6486
B & B,19889.110617505714,0.44521770773419606,65
BBQ,14794.173457860386,0.36294414987560109,410
Baby Store,14073.194883994314,0.34604778866623664,31
Bagels,12571.584196555043,0.33345914109456393,503
Baggage Claim,16100.273853923714,0.4843550681893064,1
Bakery,12988.741798991463,0.35882252748260907,1373
Ballroom,14154.939118546241,0.31500976101424233,3
Bank,11080.921043122029,0.33776843544940643,7058
Bar,14924.99126354595,0.43346605914399139,1649
Baseball,22234.561670381401,0.29784055467011095,40
Baseball Field,13759.918200032373,0.37555170536941401,57
Basketball,24166.985240278056,0.33559620813844748,41
Basketball Court,10859.0700178316,0.39817455538806568,44
Beach,25231.371991802807,0.32392512480677255,37
Beach Bar,18244.851330095335,0.37356969659986489,6
Beer Bar,15090.176819381768,0.40072066083433389,53
Beer Garden,14573.108498254833,0.48488191287687954,80
Beer Store,11550.081732842449,0.36474429972061884,50
Belgian,12523.680674338204,0.54745254126330256,11
Big Box Store,9755.4513237398478,0.32425783056692309,1202
Bike,17376.807542791117,0.57550600025341636,493
Bike Shop,13160.349957962915,0.35173988247102861,257
Bike Trail,12277.79359005299,0.47630213788479525,2
Billiards,11626.418714291278,0.37825346337523508,46
Bistro,11667.480495868618,0.31932837636514172,41
Board Shop,11066.981185699091,0.32542653543812605,73
Boarding,9438.1065780913577,0.57566730830552426,2
Boat / Ferry,18772.082289371228,0.38034755282079524,86
Boat Rental,15911.01715954907,0.24258314537326101,4
Bookstore,13291.500154372423,0.35049549751555342,480
Botanical Garden,20362.184198024584,0.37220360967595051,8
Boutique,15030.143909434408,0.34259212738319694,606
Bowling Alley,14174.775389414624,0.30546136359931059,225
Bowling Green,20043.18878618889,0.41932500945913515,3
Boxing Gym,13871.716635277071,0.41142748507139082,22
Brazilian,16894.667186076429,0.42390746521842904,67
Breakfast,12412.435578662757,0.379488581905714,791
Brewery,14911.540645325682,0.36316353154118569,312
Bridal,13453.166962921914,0.30095054842522762,167
Bridge,17337.983833281531,0.48193674979544404,21
Bubble Tea,14074.792765922914,0.4883434214343248,61
Buffet,19689.971014559393,0.31618936814284487,57
Building,15213.184397114743,0.36760537683976569,1876
Burgers,13285.508982753594,0.37233008652227656,1519
Burmese,8078.226553222612,0.71083487448612814,5
Burritos,16630.665365564215,0.48123955655818756,68
Bus,12560.261811844188,0.50097036840547959,135
Bus Station,19095.113747128111,0.48241847867548893,86
Bus Stop,16238.353158630371,0.5487610723684494,9
Business Center,16669.28900881841,0.28489873843227842,8
Business Services,13783.982663522274,0.27461796867337346,538
Butcher,12459.750457887607,0.32469049689843321,86
Cafeteria,10375.805875865746,0.43592351489521436,150
Café,13862.767959579314,0.44138165602488855,953
Cajun / Creole,16160.45985418998,0.37801457600083388,73
Cambodian,11051.347728095934,0.78412853502645341,1
Camera Store,13116.992807378803,0.34143198503223121,57
Campaign,14536.339394612487,0.42261524884272889,10
Campground,13217.352429293875,0.26866093623314041,12
Candy Store,17012.464250477438,0.37332214084234239,151
Cantonese,10999.670121660596,0.50172622608215067,5
Capitol Building,15854.125736952539,0.68018829582122431,3
Car Washes,11244.043282122178,0.331323996984979,365
Caribbean,12985.424546901228,0.61964521577859,174
Carpet Store,12901.887488026819,0.29438070119714771,78
Casino,21237.952148862154,0.34314402667372246,51
Castle,30300.78264581264,0.41210696959284088,2
Cheese Shop,15991.332556963816,0.4806109202838259,38
Chinese,13785.458104973015,0.37733658058912389,403
Chiropractors,12481.458817209314,0.29231360185124483,646
Chocolate Shop,18041.251722736408,0.31427910460121783,91
Christmas Market,15488.489623756461,0.45401497488353959,3
Cineplex,12708.872035928249,0.3372138266430495,82
Circus,22038.345340743406,0.50263925802580423,1
Circus School,15077.175202065962,0.43491891404712779,1
City,14642.039300257316,0.32091064273333031,28
City Hall,14985.935211608446,0.38144342434145523,36
Classroom,12421.071163562661,0.38302981475002645,103
Climbing Gym,13535.274073999972,0.42686408484121818,17
Club,13606.5354275679,0.44077131505928918,12
Cocktail,16529.136004704982,0.5462883197700491,278
Coffee Shop,11899.355314516752,0.39246225124379575,5713
College & Education,15146.988133344625,0.34898342000431043,17
College Bookstore,12685.325653528635,0.42088465784729528,271
Colombian,7362.2602511542018,0.55682031453382441,4
Comedy Club,17433.358493110292,0.47678767292071439,82
Comfort Food,13487.127644520478,0.35431503810179826,32
Comic Shop,12897.44402252353,0.41961866934121655,54
Communications,15080.204150169739,0.43116477046499108,24
Community Center,9012.0343788558093,0.52147131826582094,57
Community College,15986.044845514452,0.33879310752071823,92
Concert Hall,22296.093217182653,0.40830974924065605,91
Conference room,15865.952798147158,0.34831682067060493,44
Construction,17057.82647759296,0.27950514536765231,313
Convenience Store,12928.63903643113,0.35767838236474669,4493
Convention,23141.007901346071,0.14079146097431419,1
Convention Center,27691.629787649046,0.29661321820665354,69
Corporate Amenity,16265.696103098731,0.32809734649140448,1
Corporate Cafeteria,21608.196169585462,0.38145664790610317,6
Cosmetics,13407.742366170754,0.33035860105841991,1086
Costume Shop,11264.157173132347,0.40023543370267572,17
Country Dance Club,23668.015037161316,0.15106438347180381,3
Coworking Space,15568.51504418251,0.42602996054720094,469
Credit Union,13542.520396144255,0.31211372252638658,400
Creperie,13796.317003884113,0.32967195136256705,20
Cricket,5922.2106991725432,0.43193194328904883,1
Cruise,29249.694049755875,0.41174725036778614,5
Cuban,13221.985956211181,0.38767327554999587,101
Cultural Center,14880.340862435736,0.59760449101075319,10
Cupcakes,14582.329979193293,0.37546411584347539,91
Cycle Studio,14922.78978423897,0.44479246068215672,111
Dance Studio,12229.943637372264,0.38862325274517029,306
Deli / Bodega,13268.162088118253,0.32270779750173834,377
Department Store,12019.131246783505,0.32983515849888967,2031
Design,14490.854912432918,0.3823850243348646,458
Desserts,14102.70149422844,0.36822746274943458,388
Dim Sum,14895.0612479622,0.53239062043145391,23
Diner,12825.277962186179,0.37750552819893429,655
Discount Store,9215.3067422345684,0.412996177679472,3207
Distillery,14818.765968961277,0.45827871144266508,21
Distributor,17372.106362747316,0.34673809972480107,13
Dive Bar,11888.279457148785,0.54658893907153394,127
Dive Shop,12493.144482664979,0.33775733954565818,9
Dive Spot,9467.4831189827164,0.36649404568088745,3
Dog Run,11446.75754713264,0.46500520716543792,71
Donuts,12199.870496184383,0.33975683640103405,3509
Driving School,13470.437829076163,0.40009447096273976,29
Drugstore,9716.3637065328548,0.39952893535236661,41
Dry Cleaner,12285.811144738118,0.34572804445128358,117
Dumplings,20356.601179597372,0.53446413662223946,12
Duty-free,21702.958627705048,0.37084474670474715,7
Eastern European,12189.209506170559,0.41015892741155136,30
Electronics,13547.999344425803,0.33415353099670125,1286
Empanada,15398.687547388929,0.66689669025269982,7
Engineering,10316.114243835964,0.43557331373392655,32
English,27110.253365318396,0.55855329425317402,4
Entertainment,17715.690159604528,0.36947313504312845,710
Ethiopian,12314.565716593039,0.66278240312949488,26
Event Services,15080.907994207158,0.36332430741033855,41
Event Space,18299.30258580736,0.37682236856955481,548
Exhibit,22653.571674423169,0.47693322264021848,18
Fabric Shop,11391.609762374157,0.27367875276570774,179
Factory,16720.346265250293,0.39506985862195743,86
Fair,24557.491240590269,0.48018216625780685,4
Falafel,15298.600539124574,0.49682473627805118,33
Farm,26275.855157231803,0.27514651871413431,38
Farmer's Market,13406.144623092019,0.41881055425979136,96
Fast Food,12539.62548751199,0.36210551131781515,10304
Festival,18927.478440404775,0.37543846428086186,6
Field,15099.040272159144,0.45696883540351257,32
Film Studio,17986.110952359151,0.4642335011394057,6
Financial / Legal,11702.938367633784,0.33545482426488954,4843
Fireworks Store,12070.184749981234,0.31480101250375753,6
Fish & Chips,14727.707407013853,0.46102340114728407,17
Fish Market,12954.940359654927,0.43042858626773012,20
Fishing Spot,17071.87152936335,0.19677315143440124,2
Fishing Store,10071.230040659408,0.31839589221791326,7
Flea Market,18580.568961036024,0.33472706624940085,36
Flower Shop,12025.346317215073,0.3278036711230215,352
Food,12855.657923134708,0.41236991328918887,53
Food & Drink,10901.192349687326,0.34861622871538583,152
Food Court,16346.275946248872,0.41114627432794787,73
Food Service,15780.32969382794,0.29999613019412019,20
Food Truck,15535.769527198434,0.48356369540523642,181
Football,26658.050636280055,0.27009156037018256,39
Fountain,13034.000194615171,0.57928280343753358,10
Frame Store,12600.627156798389,0.47481744915617596,16
French,14822.572991660569,0.47397661187192508,296
Fried Chicken,12623.279275284021,0.45108728243332868,320
Fruit & Vegetable Store,9431.3344756333881,0.41466069804489936,11
Furniture / Home,13407.074805741833,0.30202005994108794,2591
Gaming Cafe,15167.185841527749,0.32181095573395568,23
Garden,16771.975627220792,0.45048269377797379,83
Garden Center,10939.609389818168,0.31241163681685996,108
Gas Station,13692.500487503754,0.3590678242419954,9217
Gastropub,14156.744053401997,0.43651058483479055,239
Gate,22027.078159682809,0.46823400300539003,6
German,15483.034419011954,0.41387539087543923,50
Gift Shop,17723.3977666582,0.32001926972206152,553
Gluten-free,16246.218536195796,0.3884803903159943,21
Go Kart,20341.508425526477,0.31574974986509668,15
Golf Course,15010.655101399219,0.25235556859868985,185
Golf Driving Range,20141.69317785481,0.33018817543887075,11
Gourmet,13966.62661236472,0.36958440946792143,149
Government,15530.987863233726,0.36835639114738117,228
Greek,15914.577236474246,0.36036574868488586,180
Grocery Store,8525.7932916261125,0.40011354316352093,2952
Gym,9654.2216970003738,0.37909161285330706,1445
Gym / Fitness,9015.5919968207745,0.36189060030515735,2618
Gymnastics Gym,12151.400053583842,0.33013191126432051,48
Halal,15235.076339893547,0.39349694359369197,16
Harbor / Marina,16465.620276788421,0.37175134221687545,96
Hardware,11442.650963155927,0.3119752977182923,3098
Hawaiian,13425.142322344165,0.5113407305359613,37
Health & Beauty,11767.354437501495,0.30116904074085843,299
Health Food Store,11281.67994216182,0.3216520153686156,79
Heliport,18102.062806986694,0.51812936555398448,4
Herbs & Spices Store,13535.888695875055,0.46245635843315763,14
Himalayan,13029.803171156254,0.53562483956500184,2
Historic Site,19233.35560651691,0.39157703495966917,48
History,9797.8509477086973,0.57318477453499828,7
History Museum,18568.064248987495,0.44329838523391579,116
Hobbies,14416.68345287203,0.29514540181690274,147
Hockey,24287.844141765025,0.22764109534777274,24
Home Services,14540.922629880755,0.3062114193227774,194
Hookah Bar,12303.735901377426,0.40626955048208618,103
Hostel,14594.613649459288,0.54474158521620808,16
Hot Dogs,17899.869955719398,0.39048201424145307,137
Hot Spring,20570.673761773647,0.38591305087409378,1
Hotel,20027.537065874356,0.3753260483482343,4025
Hotel Bar,21014.15595181227,0.41723109269648911,149
Hotpot,13039.300727575817,0.41236197713922962,21
Housing Development,11002.14020701839,0.62556596425066313,233
Hunan,13942.176988192699,0.6046138015229332,4
Hunting Supply,25586.283340676353,0.27218758029282686,8
IT Services,16024.606118706641,0.33759466762853108,144
Ice Cream,12254.524927279106,0.32321610274631596,2038
Indian,14196.271686136859,0.45316625057633736,370
Indian Chinese,7681.4495349514737,0.28962648824893555,2
Indie,16404.702825920656,0.55869458099370051,39
Indie Movies,13844.809382853738,0.51503580941128835,57
Insurance Office,12551.36397457864,0.34742326846571125,784
Internet Cafe,16957.618372013636,0.3533404650164475,5
Intersection,12415.479303203731,0.2655376821394459,2
Irish,14343.118361563689,0.4430360828017596,70
Israeli,12614.555640917775,0.60865424774532051,4
Italian,14464.619553418426,0.3468943545208541,1956
Japanese,14512.13111711614,0.40179335452860704,367
Jazz Club,14972.067060166553,0.54629961480032974,34
Jewelry,14228.599843577042,0.29317624860365482,991
Juice Bar,13942.244905993024,0.39318089919492494,546
Karaoke,13650.57422337459,0.44614598082403883,60
Kitchen Supply,15627.513122139466,0.31185068119208864,69
Knitting Supplies,12364.839111688343,0.4190291104854062,3
Korean,13862.885224846554,0.48063120305554691,127
Kosher,12770.62370235631,0.45461267112942122,22
Lab,11651.174091178305,0.42166467063487711,66
Laboratory,12170.113650843099,0.52075618366407483,4
Lake,12494.761435355214,0.32309787139872281,10
Landmark,16995.715433580601,0.50418007748678628,34
Laser Tag,14500.287421929064,0.22442234225221694,12
Latin American,13055.01870578641,0.43044757273758061,255
Laundromat,7556.6941078732707,0.56315711438828331,31
Laundry,9546.6372735991608,0.40364964723282493,292
Law School,14238.696126472298,0.56569111202345823,36
Leather Goods,14163.331790232254,0.37470835504203631,24
Library,10030.469319107278,0.46839813865518587,920
Light Rail,15821.392204768847,0.40332681915301016,37
Lighthouse,12820.454948428229,0.33102318569536121,1
Lighting,9899.7437476845025,0.38096600418355409,5
Lingerie,14326.911208507405,0.32018593724092692,365
Liquor Store,11920.411285907645,0.3232093029429231,582
Locksmith,12008.487207163271,0.38285594679536966,52
Lounge,19280.353549145766,0.47466753742797158,383
Luggage Store,17359.435219911422,0.31269490509688364,31
Mac & Cheese,14901.174721608357,0.35054812059194601,11
Malay,13348.212289978137,0.41323166896806557,11
Mall,14282.399448565715,0.35495063118525455,334
Market,10154.840662540173,0.35640262892882263,96
Martial Arts,11602.65029397193,0.32699153660375729,575
Math,10721.513874812174,0.39526697164797475,15
Mattress Store,11534.601486771584,0.2974184688904995,568
Mediterranean,14183.244746023338,0.40288077544890677,368
Meeting Room,20752.053725514226,0.32463940294292998,23
Memorial Site,15326.328748201093,0.4489866718357251,3
Men's Store,14246.843879863205,0.33045239698319395,532
Metro,12629.458557689119,0.64689702439215047,152
Mexican,13372.592734506687,0.36832013534387303,2327
Middle Eastern,12893.417074863137,0.41391121840322842,151
Mini Golf,12757.667683931264,0.31603218578762382,14
Mobile Phones,11623.216024179359,0.35585996152475652,2725
Mobility Store,15571.462972084428,0.76201766900132561,1
Moroccan,14856.814606695381,0.54791054254041194,7
Motel,15649.691258581643,0.38505974859421838,117
Motorcycle Shop,16079.075508754697,0.3241694872447099,136
Motorsports Shop,17313.726579026152,0.21430400942659023,24
Mountain,58360.193601916588,0.052405589541444197,1
Movie Theater,12974.831697265246,0.3567389386120095,453
Moving Target,16955.678668387522,0.34415760847781429,148
Museum,18634.80732646188,0.42605532729708406,125
Music Festival,14907.816458475307,0.3578735074443154,1
Music Store,14408.376059235623,0.32701933275065331,250
Music Venue,21845.240536491645,0.43808490802963795,239
Nail Salon,11778.158678710839,0.36279603340414279,271
National Park,15858.791096437048,0.17159258779537609,1
Neighborhood,15981.496608285677,0.42234906956873963,47
New American,15757.582332967406,0.43767052424525754,435
Newsstand,24907.375251117413,0.29021300445226328,25
Nightclub,17676.027442701288,0.50000393909757068,193
Nightlife,13222.614826600262,0.41985735056056711,126
Non-Profit,14807.676811276573,0.44778684322933082,230
Noodles,13950.79374670106,0.50277575417523113,44
North Indian,11859.571542487036,0.53166215078025658,6
Observatory,8494.5737277590706,0.092833594061858593,1
Office,16545.727382394507,0.35485162285022287,3553
Office Supplies,11164.327242452007,0.32488494197684537,920
Opera House,22674.109312453875,0.36874655103790283,10
Optical,11112.161160051928,0.33220911900875139,667
Organic Grocery,11008.409804422219,0.3384794890525461,30
Other Event,27281.726497462205,0.50159773684216846,11
Other Outdoors,14720.94043318022,0.39642825704584983,129
Other Repair,13046.678752738508,0.29543128558842952,290
Outdoor Gym,17166.753730164277,0.67331257065810035,1
Outdoor Sculpture,18547.295131947401,0.45176656831054607,15
Outdoor Supplies,18935.601946755884,0.37743119062296676,52
Outdoors & Recreation,13110.088292695122,0.31796684602890296,5
Outlet Store,13352.636241253476,0.32872060377298207,46
Paella,13534.769955723872,0.58937814079429196,7
Paintball Field,21049.279154351927,0.42167227831426091,8
Park,13722.940886530445,0.53789566203488937,762
Parking,18495.355540491335,0.46596610081079276,256
Pedestrian Street/Plaza,17716.27438362411,0.59077258198894955,4
Peking Duck,7232.8701620312868,0.094458832709990698,1
Performing Arts,17646.229957924483,0.4307361955110986,176
Perfume Shop,15186.861883796233,0.36274143195859337,48
Peruvian,11885.777054151347,0.47281832925731704,84
Pet Service,12254.903792229768,0.36020843025025473,325
Pet Store,10631.919797313307,0.31357967513936902,1284
Pharmacy,9155.3826638962291,0.35717261144717949,6534
Photo Studio,14928.437018921431,0.30474003100449737,64
Photography Lab,12883.32406780744,0.36351730722101028,155
Piano Bar,18205.999448929389,0.49233404686367732,10
Pie Shop,11517.133663244138,0.47961342450405853,10
Piercing Parlor,13187.525206568826,0.34604359955062397,64
Piers,13969.557534781206,0.46865158874716695,14
Pilates Studio,12136.857597144965,0.38460708512043384,112
Pitch,13689.371963764797,0.68667459108091422,1
Pizza,11542.111870438765,0.36228682764146253,5863
Plane,18293.430260313504,0.33884833459558583,20
Planetarium,27925.701131644466,0.38407913978667862,8
Platform,13305.921820070931,0.5164338024035805,7
Plaza,19219.365673343509,0.49440585611169524,101
Polish,12848.001091748458,0.34518444982764274,5
Pool,12242.804991790874,0.33527021521876749,204
Pop-Up Shop,14079.69296367407,0.62300083295746367,1
Portuguese,12595.445283041001,0.46715594926200121,30
Post Office,12423.744716465428,0.37716572185942382,2502
Poutine Place,8956.2344860759549,0.59647749928970462,1
Print Shop,14377.902956500164,0.32708238338183676,393
Professional,12555.993470026622,0.33289978923493674,59
Pub,14036.023573467277,0.39528643678010517,490
Public Art,12460.508707368588,0.47060656905670584,57
Quad,14219.972146434155,0.4502837964525393,82
RV Park,31365.883626264342,0.38176566333916301,2
Racetrack,29560.547587807501,0.32000331287875627,30
Radio Station,21304.36045623937,0.3575830569782229,22
Ramen,12966.959276364474,0.55071134290513291,45
Real Estate,13662.015625227974,0.3116484351626152,486
Rec Center,12203.666254474685,0.42570509839020543,31
Record Shop,13985.1133943888,0.42028249016378189,72
Recording Studio,15836.16036487135,0.47929307969505924,32
Recreation Center,14855.681073200049,0.3723245758432695,49
Recruiting Agency,13200.55223915,0.27436952513395785,40
Recycling,13227.376021497013,0.43041246152435864,63
Rental Car,15064.547648676082,0.43110196435122122,3346
Rental Service,12821.878662444573,0.35420721709820197,120
Residence Hall,13908.184272013172,0.40662729774211326,314
Residential,13735.921439233358,0.44100450843214106,2226
Resort,20931.452722170423,0.33409387776523164,96
Rest Areas,26192.150039860513,0.3882301628496414,8
Restaurant,13526.008421451477,0.32184853085981052,1151
River,14376.573570254044,0.41377949492995936,2
Road,15824.112314097451,0.42350837069017805,28
Rock Climbing,14143.756044056963,0.30253137623664955,6
Rock Club,16275.327729929075,0.45952231868545662,70
Roller Rink,15706.98414732661,0.25707343785130671,6
Roof Deck,18810.506067262359,0.53642349691187086,16
Russian,12515.400877078511,0.37340748149730807,9
Sake Bar,14247.026425285889,0.56228212117602372,6
Salad,14129.368214637439,0.42141329732252708,286
Salon / Barbershop,11307.553626319741,0.29675466363248365,4454
Salsa Club,13386.18064502061,0.43033850098427973,2
Sandwiches,14019.906603197982,0.31618894861247399,2724
Scenic Lookout,23188.268847903451,0.47276296000098555,28
Science,10597.201506489917,0.48085282037366051,107
Science Museum,23238.07541398389,0.45931217169355054,39
Sculpture,10662.851627067683,0.50452623433117172,14
Seafood,15192.078412210418,0.37007792343969764,832
Shanghai,13976.645179245212,0.48573954582923545,5
Shipping Store,13269.108296427892,0.34264607146628612,1910
Shoe Repair,11890.724026535843,0.3698638131917813,13
Shoes,12607.667996620397,0.37774744284685302,2024
Shop,12745.790295954737,0.32650793565117253,1562
Shopping Plaza,15905.306752245306,0.32711092869344455,16
Shops,13698.332981178026,0.28032847700969454,108
Skate Park,13869.975764649684,0.29725320482700335,14
Skating Rink,16581.69335542346,0.34132061144726689,69
Ski Area,36011.95950123536,0.27651777141175876,9
Ski Chalet,8581.7354436089481,0.42957582743394551,1
Smoothie Shop,11904.356964497956,0.29709176906555285,266
Snacks,14901.711124942038,0.33472325772966238,363
Soba,12310.152285010958,0.59532693471342946,2
Soccer,17295.121070823185,0.33284882656284825,27
Soccer Field,15702.286087385739,0.35312550586510255,35
Social Club,19816.44411314902,0.35543015979033188,16
Soup,16165.261358343552,0.36674720997854826,65
South American,14868.650434195863,0.42350565199638662,37
South Indian,10846.432853200275,0.52864352250656432,3
Southern / Soul,14182.150368565646,0.58568861951152773,99
Souvenir Shop,27109.733781255072,0.33172710893498641,14
Souvlaki,4741.7403853437991,0.79018373536566455,1
Spa,11780.38355631692,0.32529250065174947,1408
Spanish,13158.463211545513,0.48276826052018801,59
Speakeasy,15273.640694243071,0.52192817233790112,56
Sporting Goods,14958.195263893083,0.3037560394050533,1058
Sports Bar,14413.885839866878,0.35832943639848736,520
Sports Club,12973.149593880533,0.48607075570158448,12
Squash Court,4794.7557402394141,0.7990753080067774,1
Stables,10218.904691842745,0.09488669874389645,2
Stadium,23785.645233294497,0.36867840416736558,51
Stationery Store,12350.407653374448,0.0292864706505628,2
Steakhouse,14990.939156985862,0.31153515757666844,865
Storage,12826.103879598584,0.39071202387241555,1923
Street Art,14907.315964502794,0.29056432887663824,2
Street Food Gathering,12675.75748311055,0.67300911989286116,16
Supermarket,8841.6195611456133,0.34888452877262205,1310
Supplement Shop,11184.337209641841,0.30607285484784219,1060
Surf Spot,17152.259553950062,0.38500927889331948,9
Sushi,13135.723074085805,0.39479204076615504,433
Szechuan,12566.277329420041,0.4872336870453195,11
TV Station,17039.658016737641,0.41957896613314538,13
Tacos,13887.881293045833,0.35446738490425184,242
Tailor,13832.230740872634,0.34778765838126091,26
Taiwanese,16320.990681427138,0.43453393521931727,4
Tanning Salon,11085.361013916588,0.25379206641332103,413
Tapas,15218.799254439815,0.4294111291881198,112
Tattoo,12049.575318767864,0.34854667247464755,229
Taxi,17694.107752927423,0.46673882696099034,80
Taxi Stand,5381.6028161135155,0.79334610189927468,1
Tea Room,15963.146381234505,0.40431330321250109,159
Tech Startup,16347.949490920479,0.43416144782405419,529
Technology,20065.622682098736,0.41939252764134832,36
Tennis,26002.43883792515,0.45856834693944404,10
Tennis Court,11750.118692935624,0.39765099053555025,46
Terminal,25941.713907339919,0.43197443091281407,77
Tex-Mex,12597.362054261845,0.26378383387495763,287
Thai,12481.40516902042,0.41262610013288148,262
Theater,21390.597430662754,0.45742438025148502,384
Theme Park,30497.345928774976,0.36382291340441997,203
Theme Restaurant,23092.629658457296,0.36986126411251996,26
Thrift / Vintage,11140.847937144867,0.41798974613498024,403
Tibetan,3086.4053923336905,0.63622791675562151,1
Toll Plaza,15019.007750978444,0.058347075084651097,1
Tour Provider,15667.471430375052,0.46366748967082849,14
Tourist Information,17623.168473977981,0.39462435128266332,40
Toys & Games,13660.080068904032,0.32238807734991576,592
Track,18013.880451766428,0.44633087912490044,16
Trade School,15599.902965680225,0.39330543074332497,274
Trail,13596.265143875169,0.27480032263911675,29
Train,8953.1793180003442,0.58220384640143663,12
Train Station,17249.691652228936,0.30874633744372809,351
Tram,20882.221413780902,0.61858640993134295,11
Transportation Services,14518.299300936433,0.40299102660892699,62
Travel,16826.666371727351,0.40680518925285603,203
Travel Agency,13774.669398562297,0.3095602812496539,206
Turkish,13697.724089612879,0.44028019880571068,39
University,15938.676788895506,0.4254087727825881,254
Used Bookstore,14197.925149071039,0.35716403364919674,14
Vegetarian / Vegan,14509.335357891267,0.5194207754924709,181
Venezuelan,10513.711766551238,0.45305302392363844,5
Veterinarians,11894.765383915954,0.29351558666380834,808
Video Games,11318.621271754873,0.34022595662498312,929
Video Store,10188.852273735334,0.3253977345106171,3408
Vietnamese,12187.50972334972,0.44286127403436071,106
Village,10662.542473868632,0.71776446025286167,1
Vineyard,39259.152954055302,0.26229298154154951,5
Volleyball Court,29173.153074388967,0.2678038283128451,5
Warehouse,12065.715719242244,0.36549707335558423,20
Warehouse Store,11478.316596299148,0.3090948996769381,247
Waste Facility,23331.669430080983,0.15359398072536595,2
Watch Shops,15453.487753329769,0.33627193842112868,8
Water Park,20961.867981282092,0.18223635078916045,13
Waterfront,11851.707142718717,0.33555694159494021,2
Weight Loss Center,10824.444484677962,0.2891960029660739,93
Well,17953.470171950772,0.19243224871825421,1
Whisky Bar,13528.766872969292,0.58937577612884329,48
Wine Bar,15407.257405701359,0.46829457271579422,262
Wine Shop,13110.089698164935,0.40287169411964197,325
Winery,24107.435686080069,0.29148129808186818,99
Wings,13292.929932809284,0.3549564347458829,646
Women's Store,13963.400917719149,0.34286247177951545,1013
Yoga Studio,11651.100200984572,0.44118406747239386,515
Yogurt,11875.226485942294,0.31646705259055713,387
Zoo,22132.861784184071,0.30340187219330172,22
Zoo Exhibit,16784.138108173847,0.46959025699528928,2
