x_panel,y_panel,group
0.8002176549776726,0.7056770346829881,Public Outdoor
0.6648533195429472,0.6332415105147521,Community
0.6622915101567288,0.6435043149717514,Social Business
0.27088714648454604,0.6002803429064658,Social Business
0.8304529539882672,0.7117900776836158,Public Outdoor
0.6668708585062604,0.6719296209981167,Public Outdoor
0.36698277077313723,0.3576510491211552,Community
0.4880718063216882,0.5236153844946642,Community
0.5680946436389107,0.5703705641870684,Baseline
0.37130024297347,0.37122186440677973,Social Business
0.3484494396287541,0.8814491643126177,Community
0.30465282921810705,0.9502643855932204,Baseline
0.6463753425707031,0.6465031136220967,Baseline
0.3507802666141319,0.8811044954488387,Community
0.5364121267839944,0.5661527275580667,Public Outdoor
0.4143420136152701,0.4546616862837415,Community
0.3606325201383417,0.29507067796610176,Social Business
0.7030717461255581,0.21374442011927186,Social Business
0.7308287836003852,0.41102648305084755,Baseline
0.409298560765257,0.10550940050219726,Baseline
0.671313707206024,0.614842368957941,Public Outdoor
0.43490983166973124,0.6657162217514124,Community
0.5439642938446722,0.7139984533898305,Baseline
0.33950497657823314,0.7305373932831136,Public Outdoor
0.3372565668505385,0.7143101694915255,Social Business
0.6453676637334733,0.7220490018832392,Baseline
0.4413266854916383,0.6807052926867545,Baseline
0.7371191981875492,0.6331484329880728,Social Business
0.6708430084931267,0.5857494271814188,Community
0.39162627944137995,0.22517703782172016,Baseline
0.5423955093687068,0.5732539414626492,Social Business
0.7049634259259259,0.6370511989956058,Social Business
0.5956514567463445,0.5892720527306968,Public Outdoor
0.44808675247351376,0.5104030657564345,Community
0.44805702215217585,0.5098943785310734,Community
0.44234534519744334,0.5096693212492154,Community
0.6449717789598108,0.398497698524796,Baseline
0.6700992076000349,0.6611004982736974,Social Business
0.7958623019000087,0.6980296539548023,Baseline
0.9087701930654059,0.64785704566855,Social Business
0.520580255669381,0.520207436440678,Community
0.5534963619648017,0.5276297818581294,Social Business
0.5902556650030646,0.5749454158819838,Public Outdoor
0.36939038284738646,0.7073019067796611,Community
0.3613999288591192,0.7067464132140615,Social Business
0.37318720668067595,0.7149205147520402,Community
0.39469419599859906,0.7675200549278092,Public Outdoor
0.6725862413536469,0.663311778091651,Social Business
0.5328095865073111,0.5345019813245451,Community
0.6449021637772524,0.49690622096672954,Community
0.7435171011732773,0.5841286785938482,Social Business
0.4110592406531828,0.5058636040489644,Social Business
0.5231259007529989,0.5740108906151915,Public Outdoor
0.5812220011382541,0.5725238394538607,Social Business
0.5689847605288503,0.6782484777150031,Public Outdoor
0.7994342176692059,0.5770340544569994,Social Business
0.5601376039751336,0.18974928358443188,Public Outdoor
0.5597803191489362,0.3547611715317013,Community
0.5261287814114352,0.5320919177652229,Public Outdoor
0.39284466115051225,0.42649958411801636,Baseline
0.553513486122056,0.41638725360954176,Baseline
0.3426140771386043,0.1335551027934715,Baseline
0.5610607849575343,0.6986808490269931,Baseline
0.9067248916469661,0.6470945590081607,Social Business
0.7320443382803608,0.6357453170119272,Social Business
0.627330268803082,0.7455198728813559,Community
0.06496478088608704,0.18935413763339626,Public Outdoor
0.09773254531126872,0.19423155131826753,Baseline
0.3386694334996936,0.6034435993408663,Public Outdoor
0.44825597473951495,0.554129741839297,Community
0.4250914762280011,0.5002125353107345,Community
0.32257582085631736,0.5971553884180791,Baseline
0.6325682273881447,0.16561078546767116,Community
0.5506350352420979,0.8318132760514751,Community
0.4315212787846949,0.8383033709981167,Social Business
0.6617647480518344,0.5571986024795983,Baseline
0.6534905054285964,0.7227476687068424,Community
0.21998613518956311,0.7921409298493409,Public Outdoor
0.43609215370808163,0.7240576506591337,Baseline
0.694779013440154,0.6125319538606403,Social Business
0.4379065657560634,0.5180314030131827,Community
0.424788121661851,0.5109792749529192,Community
0.42284504202784345,0.5087709839924671,Public Outdoor
0.6156110990718852,0.5520904370684244,Social Business
0.4629727278697137,0.5664802503138733,Social Business
0.4745312593030383,0.7450769467984935,Social Business
0.6735651179844147,0.6467526122096674,Public Outdoor
0.8051141406181596,0.7068167310106717,Community
0.22495331954294726,0.5437361581920905,Baseline
0.7125380669380964,0.6121642718141871,Community
0.676617915462744,0.6194406057752668,Social Business
0.3662998106558095,0.6631393463590709,Public Outdoor
0.5352353209000964,0.5441426561519147,Social Business
0.5079391395236845,0.528618488700565,Social Business
0.5147905152788723,0.5272409196484621,Community
0.5289270543297435,0.5239015426867546,Community
0.34363534607302343,0.7098132972379159,Social Business
0.6758105452674897,0.6260249074074073,Community
0.1376421449522809,0.21729538998744513,Public Outdoor
0.6758878250591016,0.2941500557124922,Baseline
0.21958308269853782,0.7958682069993723,Baseline
0.3748507256369845,0.6445189006591336,Baseline
0.38768744089834517,0.766244866603892,Baseline
0.24286085390946505,0.6424526647834276,Baseline
0.5210069904123983,0.5027673360012557,Community
0.3073766154452325,0.047753777463904634,Baseline
0.6237190329218107,0.15647284996861277,Baseline
0.3744720996410122,0.17774641792215962,Public Outdoor
0.3469530448296997,0.8811165638731953,Community
0.3471833617896857,0.8900879535467672,Community
0.3442046569915069,0.8819191949152543,Public Outdoor
0.32585536621136507,0.8353353381983679,Public Outdoor
0.6645238278171789,0.6634731975831765,Social Business
0.35272543997898614,0.8009021186440678,Baseline
0.34922849794238686,0.8002330547708726,Community
0.5712103570177742,0.6616726279033271,Public Outdoor
0.6699512225286753,0.6653657140615192,Public Outdoor
0.4616511393485685,0.6475559384808538,Social Business
0.39115330750372124,0.770068352950408,Public Outdoor
0.4586056693809649,0.6516579723791589,Public Outdoor
0.4568416228876631,0.5617776302573761,Public Outdoor
0.4767788186235881,0.5675967145323291,Social Business
0.5036487139917696,0.669405329566855,Public Outdoor
0.07922196392610104,0.5852644240426867,Social Business
0.6815151661413187,0.3251467741682361,Baseline
0.6973023093424394,0.6125668620527307,Public Outdoor
0.3489467045355048,0.050834441305712685,Baseline
0.4888512531739778,0.13669014359698695,Baseline
0.17040238814464587,0.24081742859384814,Social Business
0.5917291064705367,0.5651320087884495,Public Outdoor
0.453130328999212,0.7122984934086629,Community
0.4450934079765345,0.7157247481167608,Social Business
0.7249135047281323,0.6033676914626491,Social Business
0.5440564409859032,0.6518547292843692,Community
0.324716000131337,0.8335162390144382,Baseline
0.3433343840294195,0.707782959039548,Social Business
0.5517579163383242,0.8320218518518518,Baseline
0.20923341651344018,0.8014483623666039,Baseline
0.778281525260485,0.5861213402385437,Public Outdoor
0.4841877955082743,0.5685964171374764,Public Outdoor
0.7071263604325365,0.5908577456057753,Social Business
0.5442764665966203,0.5712899599811676,Community
0.539456242885912,0.5723100015693661,Social Business
0.7707598535592329,0.5284818228185814,Public Outdoor
0.6522422675334909,0.643085859227872,Public Outdoor
0.5427146517380265,0.5624631928750785,Social Business
0.7006668034760529,0.59187546217828,Public Outdoor
0.6473394536380351,0.7229625768989328,Baseline
0.5504958475615096,0.5629932344632769,Public Outdoor
0.6955345394448823,0.5843186770244821,Social Business
0.6618104609929077,0.6002218283113622,Public Outdoor
0.8193461846598371,0.5171298807281859,Public Outdoor
0.5829973874879608,0.5802764979598243,Community
0.6028326186410997,0.48893812774639056,Community
0.6663843829349444,0.6042235914940364,Social Business
0.3504135375623851,0.7174278782172003,Community
0.3434866495928553,0.7116414108600125,Social Business
0.3809906498993083,0.7136964430320151,Baseline
0.5335411424130987,0.6521999693973635,Social Business
0.5736196348831101,0.5803770841180164,Community
0.6160846653095176,0.6146246139359699,Social Business
0.6663082873653796,0.6489592984934087,Baseline
0.5058204962350057,0.6715709628060265,Public Outdoor
0.38712490915856757,0.8120098846516007,Social Business
0.3513511043253656,0.7357017451349654,Community
0.35242911960423784,0.7118606991525425,Public Outdoor
0.6902091443393749,0.6393935891399876,Community
0.7236379607740128,0.5799127746390459,Community
0.7070558204185272,0.5740494303201508,Baseline
0.1373125547237545,0.577581382611425,Baseline
0.35526852508536905,0.5921231034212179,Public Outdoor
0.7886806015235093,0.22942932517263037,Public Outdoor
0.2980125448734787,0.23491000470809809,Baseline
0.5296213433587251,0.47683571484620224,Baseline
0.8021587787846949,0.5052949882297553,Social Business
0.5383959482532178,0.6429627291274325,Community
0.6149785679887926,0.26376328468298815,Baseline
0.5450481251641713,0.5636299081920906,Public Outdoor
0.445566853821907,0.6581184251412429,Social Business
0.14859614197530865,0.5378680186754552,Social Business
0.2953682372384205,0.6371272826428123,Community
0.6268693087295333,0.5447079723791588,Social Business
0.6665785844059189,0.5820184125863153,Public Outdoor
0.6544852530426407,0.7202537704017578,Social Business
0.6865894459767096,0.6220143071249216,Public Outdoor
0.6540149111286228,0.6437480641870684,Social Business
0.2811450781455214,0.6542426820464533,Baseline
0.695691378819718,0.646953094789705,Social Business
0.7127481043691445,0.6607464971751412,Social Business
0.7100068601698626,0.6159645786252355,Public Outdoor
0.678150927020401,0.6687853562460766,Social Business
0.3177515804220296,0.5970509973320779,Public Outdoor
0.39994882781717894,0.7176147096672945,Public Outdoor
0.7162109458453726,0.7260781536409291,Public Outdoor
0.7279075551615446,0.7024243581293157,Public Outdoor
0.6964798726030995,0.42497628923414943,Social Business
0.3398682908676999,0.07658313245448856,Public Outdoor
0.28151043034760537,0.5978539296924044,Social Business
0.6623222911741529,0.30347111660389214,Baseline
0.6162872975221084,0.2265502079409919,Public Outdoor
0.7032069641449961,0.6286105108286253,Social Business
0.4744934889676911,0.5547954598242311,Social Business
0.8121985235531038,0.5749094365976146,Social Business
0.7846823143770248,0.5800590583804144,Social Business
0.6525445057350495,0.5858058772755808,Social Business
0.6445442310218019,0.5855723242310107,Social Business
0.6144802370633043,0.502567437225361,Community
0.17361910734611682,0.5600181442247333,Community
0.9244661489799492,0.6763409384808537,Social Business
0.27602019306540587,0.5978386377903329,Social Business
0.7283975078802206,0.6505066376333961,Public Outdoor
0.3371339954907627,0.704938359227872,Social Business
0.5340463510200508,0.5388369734777151,Social Business
0.5811667936257771,0.5807277754237288,Community
0.44921116036249015,0.5779252267733836,Community
0.4284320079239997,0.584582700878845,Social Business
0.4842413634970668,0.567391914626491,Social Business
0.42468819280273185,0.5834107729127433,Community
0.46838716290167237,0.5797480147520402,Baseline
0.6717054373522459,0.5797427903327057,Community
0.6506995840994658,0.6445163928123039,Community
0.04542413974257946,0.18057865034526066,Public Outdoor
0.1697191106295421,0.8208510616760829,Public Outdoor
0.5565489810436914,0.5615757854676711,Social Business
0.07748032352683652,0.5112591062460767,Public Outdoor
0.07111889282899922,0.5069324780288764,Social Business
0.45980630089309177,0.6509504504080352,Social Business
0.3540907746694686,0.593533882611425,Social Business
0.3307926396550215,0.7162890521029504,Social Business
0.6450288087733124,0.5829134039548023,Community
0.7797178125820856,0.5147376577212807,Community
0.5269068514140619,0.538098955586943,Social Business
0.42039879060502583,0.5324991164469555,Public Outdoor
0.5180889447071185,0.5222519452291275,Community
0.5026224279835392,0.5122610138104207,Community
0.7077801166710446,0.6270472708725675,Social Business
0.7582062308466859,0.5570086699623353,Community
0.6003161052009456,0.5750893879472694,Baseline
0.6787739733823658,0.3108040230696799,Social Business
0.46197480846685934,0.6657673979912115,Public Outdoor
0.4516985738989581,0.6475275604205901,Baseline
0.6413225921548026,0.5875611817325801,Community
0.5534171208738289,0.8043008427495292,Public Outdoor
0.07562260200507837,0.5874687201820465,Public Outdoor
0.43815683499693553,0.6630923532642812,Baseline
0.42261278784694867,0.6732209070935342,Baseline
0.39465319696173723,0.679267632611425,Public Outdoor
0.527630342132913,0.5481728499686127,Baseline
0.6387014447071184,0.5323314618644068,Public Outdoor
0.2266191533140706,-0.04444790960451961,Public Outdoor
0.47560089528062344,0.5774341698053986,Social Business
0.4274508591629455,0.5815289861895795,Baseline
0.33234889676910956,0.8038871978970497,Public Outdoor
0.3302361921022678,0.8322061401443817,Social Business
0.3418126805883898,0.8856756457940992,Social Business
0.6923630636546712,0.6156939171374765,Social Business
0.18015051987566766,0.5091855845888262,Baseline
0.6184896769109535,0.635794803829253,Baseline
0.27615816697311973,-0.032570928279974876,Baseline
0.6517054920760003,0.591248688794727,Social Business
0.5210445954820069,0.6554796374764595,Community
0.5954558970317835,0.517871253923415,Public Outdoor
0.43833209548200686,0.6639834023854363,Community
0.42034736122055866,0.8007660075329567,Community
0.6686464845460117,0.6236399780288764,Community
0.29798654342877157,0.23425612602008794,Baseline
0.37249585412836006,0.7007629409918393,Public Outdoor
0.4427251685491639,0.6609245338983052,Public Outdoor
0.4080755811662727,0.5876888794726931,Community
0.5315503721215306,0.5350755586942876,Social Business
0.3229778478241836,0.841466912272442,Social Business
0.45314858703265914,0.5235350753295669,Community
0.5500586408808336,0.6451873108913999,Community
0.3305832578145522,0.830564344005022,Social Business
0.7613365368619209,0.5955613692718142,Social Business
0.2694652383766746,0.5744661283741369,Public Outdoor
0.43909928968566675,0.6647217380728185,Public Outdoor
0.5679402832501532,0.7569494562146892,Social Business
0.44721986143945364,0.6567370621468926,Community
0.37113083136327824,0.7364314226302574,Community
0.8263681792312407,0.39854990426867554,Community
0.4195350429034236,0.7557679386377903,Public Outdoor
0.8586018463794763,0.7347605445699937,Community
0.5676465239471149,0.480611056183302,Social Business
0.42779916491550657,0.6699560710922787,Social Business
0.4290730080553367,0.6686816548964218,Social Business
0.4575814398914281,0.7122066902071563,Public Outdoor
0.554949633350845,0.6993874521343377,Community
0.6975657100954382,0.47496500078468307,Baseline
0.6519136667104456,0.5747643934400503,Public Outdoor
0.6798342231415814,0.6186946704331451,Social Business
0.2717709252692409,0.6069895558694287,Baseline
0.4825631829524561,0.6274718573446327,Social Business
0.49988287255932057,0.6446999034839924,Social Business
0.7021629968916907,0.6317728021029504,Social Business
0.3440414729445758,0.5922126216258632,Social Business
0.610311219464145,0.5742753381983678,Public Outdoor
0.5095739788547413,0.5153030367231639,Community
0.6522683116627265,0.5963628123038294,Public Outdoor
0.5508043910340601,0.4071197849968614,Public Outdoor
0.07053471346642151,0.13045029268675468,Public Outdoor
0.6112405207512477,0.5281909086629002,Public Outdoor
0.6678167148235705,0.6051458152856246,Social Business
0.5391194192715174,0.7069790324858758,Public Outdoor
0.32991867502845634,0.8314478648775895,Social Business
0.3395485509149812,0.8003701475204017,Baseline
0.7354296952981351,0.5781651898932831,Social Business
0.15653994067945018,0.5700416313559322,Community
0.2712937253743105,0.611629928593848,Public Outdoor
0.3595439574030295,0.590018157564344,Community
0.6068131687242798,0.5938799937225362,Community
0.6726376368093863,0.62374072740113,Community
0.6118019503546098,0.2888800023540491,Public Outdoor
0.2915840327029157,0.23270809871312004,Community
0.755870816916207,0.2775875533584432,Public Outdoor
0.7238209821819456,0.5176923108913999,Community
0.5527756369845023,0.5642772206528563,Baseline
0.42035583464670345,0.6750454378531074,Community
0.5226512695911042,0.5391877919020717,Social Business
0.6736634073198493,0.6010531410860013,Baseline
0.7481112063304439,0.5970308035153797,Social Business
0.5024813545223711,0.5387550776836159,Community
0.5025592833377113,0.5402753327055869,Community
0.4801440394886613,0.7087576200564971,Social Business
0.49820469310918486,0.7352254967043315,Public Outdoor
0.46335117327729625,0.7507249168236032,Social Business
0.5415670781893004,0.5352503962649091,Public Outdoor
0.6720313370107696,0.6214137649089768,Social Business
0.6654531597495841,0.6025796625863151,Community
0.6197110279310042,0.6269822057438795,Community
0.42021681004290345,0.7985649882297552,Social Business
0.350797280229402,0.7932199089767734,Public Outdoor
0.6139234108221697,0.5911202832705588,Public Outdoor
0.4580769711496367,0.6845126569365976,Public Outdoor
0.6523731995884774,0.22155109070935353,Social Business
0.5330682350494703,0.4719050125549279,Baseline
0.5743050750809912,0.807424405994978,Social Business
0.31401346094912885,0.8922160420590082,Community
0.8070727377199896,0.3799997716572505,Social Business
0.6905026015672884,0.50193585608914,Public Outdoor
0.2844735509149812,0.6241882022912744,Social Business
0.3413326284913756,0.2707660318581294,Community
0.6774824566587865,0.3070334745762713,Community
0.6315563621836967,0.5875591737288137,Community
0.3178914718501007,0.06578057595731324,Baseline
0.5927793932230102,0.4543856473634652,Community
0.5822039707556257,0.580189935655995,Community
0.5831312472638123,0.5798807744821093,Community
0.45262637466071276,0.5247557595731325,Community
0.09643690570002626,0.18846826506591352,Public Outdoor
0.09671744921635583,0.19205618957941006,Baseline
0.45230046952981356,0.5192504849340867,Community
0.07376064924262324,0.5899700988700565,Community
0.4647322530864198,0.5513083411801633,Public Outdoor
0.7075441642588215,0.6591655484934087,Community
0.2402918056650031,0.8331139704959196,Public Outdoor
0.7123369801243323,0.5032783984620215,Social Business
0.7788582162244987,0.50850046217828,Baseline
0.4480103964188775,0.6894227456057753,Baseline
0.5873175947815428,0.6751043071249215,Public Outdoor
0.7415737577707732,0.6546751718455743,Public Outdoor
0.6903924130986779,0.6188554551161332,Baseline
0.46388660362490153,0.5679228413370999,Social Business
0.22935887728745297,0.7893029143126178,Public Outdoor
0.1645791524384905,0.7193235969868174,Social Business
0.6713693032571579,0.41903421453232903,Baseline
0.37163718479117414,0.5909089187068426,Community
0.3712289007092199,0.5908273132454489,Community
0.4933587371946415,0.18687281151914648,Community
0.6325393792137292,0.6700545056497176,Public Outdoor
0.4854456144383154,0.568643557752668,Public Outdoor
0.4304317386831276,0.5044279119585688,Community
0.4337599969354698,0.5023028350596359,Community
0.9277039871727519,0.7781070354676711,Public Outdoor
0.543421365248227,0.5745085938480854,Baseline
0.6521921657473075,0.5525197300690522,Social Business
0.48869367612293146,0.5759430273069681,Social Business
0.3620591312056738,0.7623235985561834,Public Outdoor
0.6138331899570966,0.5517864979598244,Community
0.6170236516066895,0.5562827534526051,Social Business
0.6180164160318711,0.5545678774325173,Social Business
0.3757972036161457,0.5894816031073447,Community
0.46176510703966384,0.5635809439736348,Public Outdoor
0.5573178629279397,0.6612895817639675,Public Outdoor
0.4437814223798267,0.6601921665097301,Social Business
0.6738040769197093,0.6251232854676712,Community
0.5478668231766046,0.46253831999372264,Community
0.6935249419928202,0.6210794318895168,Social Business
0.5510328692758953,0.3636687162586316,Baseline
0.565361730584012,0.26794448681732597,Community
0.3001940471499869,0.23960239720652865,Baseline
0.43674651628578937,0.3940866941305714,Community
0.5305361111111111,0.6513584078782172,Social Business
0.6942522206899571,0.5933608270558695,Community
0.617000085369057,0.24229970417451352,Community
0.5961773947114963,0.6046689147834275,Community
0.16943687724367396,0.5070926616446956,Social Business
0.4339990686016987,0.587691054613936,Community
0.6181580991156641,0.5542721249215318,Community
0.6521681135627353,0.6445799466415568,Community
0.6492452992294895,0.6377041627432518,Community
0.6611231382978724,0.5526819695543002,Public Outdoor
0.5744471554592417,0.5868012798179536,Community
0.7440393803082042,0.5155035553986189,Baseline
0.06132760703966378,0.5899127432517264,Public Outdoor
0.5298171788810088,0.6817246924042687,Community
0.6166069148936171,0.6792636707470182,Community
0.4453154156816391,0.6576806803201507,Social Business
0.5114965666316434,0.5864970935342122,Social Business
0.47822312078627094,0.5743869923101068,Community
0.5547949621311619,0.6535328468298808,Public Outdoor
0.5990789740390509,0.34055482736974263,Community
0.6047435305577445,0.5400604339296924,Baseline
0.19532633635408458,0.5352348501255493,Public Outdoor
0.34622813348218195,0.7880577228499686,Community
0.5986535756501182,0.5760684384808538,Social Business
0.7319290758252341,0.6758915701506591,Community
0.44354022743192373,0.5535871468926554,Public Outdoor
0.6675745359425619,0.6332368228185813,Community
0.3930116813326329,0.42273125,Community
0.4366122406094038,0.5186552864092907,Social Business
0.4327755253480431,0.5158094703389831,Public Outdoor
0.5085060196129937,0.561012302259887,Community
0.4565382661325629,0.7115995574387948,Baseline
0.45869709964101224,0.48652560499058384,Community
0.6212659246125558,0.5873739728499687,Community
0.6545987884160757,0.643651641556811,Community
0.24391431463969881,0.6006757603578154,Community
0.32871806978373175,0.07613556732580051,Community
0.24401222090885216,0.6413012264595104,Baseline
0.35141737916995014,0.7855917780916509,Social Business
0.48219073198494006,0.7448493322347771,Community
0.7132873161281849,0.6241054763025737,Social Business
0.6713763188424832,0.6585957807595731,Social Business
0.3264039740390509,0.719080921217828,Social Business
0.7285881906137817,0.5954374929378532,Community
0.47739895258733916,0.5446419672002512,Public Outdoor
0.47785716224498737,0.744741123666039,Social Business
0.46492799776727084,0.48695149403640936,Community
0.5061537584274582,0.18629679221594486,Community
0.5050719518868751,0.5155902887633397,Community
0.43425832567200773,0.39767832313245455,Public Outdoor
0.44219361483232644,0.7530045236974263,Social Business
0.5361437866649156,0.5402293024168237,Social Business
0.5989093949741703,0.6758135436283741,Social Business
0.5214054034235182,0.529551519146265,Community
0.4064766045004816,0.5868091548964219,Social Business
0.3599682372384205,0.592130860797238,Public Outdoor
0.5126290769197094,0.5871754237288136,Baseline
0.3470393890640049,0.052214209824231084,Public Outdoor
0.11307115182558446,0.19206890458254877,Baseline
0.3247833519394099,0.7106185875706215,Baseline
0.1569235093249278,0.5852906716886379,Public Outdoor
0.6130286435075737,0.5518166917765224,Community
0.7197017599159443,0.48409074701820476,Social Business
0.7662431026179845,0.6010617969240427,Public Outdoor
0.5390681529638386,0.6508144271814187,Baseline
0.5327873642850889,0.5353567106089141,Social Business
0.5355394612993608,0.5363229284369115,Social Business
0.325125975177305,0.2454211064030133,Public Outdoor
0.5981185469748708,0.5916059110169491,Community
0.4764850713597759,0.38633515458254875,Community
0.7514074369582349,0.24717225360954176,Baseline
0.4353565701339638,0.5341210758003767,Public Outdoor
0.4424861548901147,0.49197174435028257,Baseline
0.7102053246213117,0.7193004472693032,Baseline
0.802666389764469,0.6910755116133083,Social Business
0.7884920869451011,0.7280239626490898,Baseline
0.36770320243411264,0.5934395613622098,Community
0.43507297522108396,0.8364172732266164,Community
0.5161739635320901,0.6531976396735719,Community
0.32192187855704407,0.7384215364092906,Community
0.7053049656334821,0.2883345409604521,Public Outdoor
0.5282348546537081,0.5552371884808538,Baseline
0.7091658874004027,0.23640011456371635,Community
0.22830285001313372,0.6192326239799122,Baseline
0.708730280842308,0.5357123179535468,Public Outdoor
0.616117305840119,0.7691444876020088,Public Outdoor
0.5258436345328781,0.6395991603892028,Social Business
0.5631748599071885,0.351517899403641,Community
0.4707733221696874,0.5785839657878218,Baseline
0.7168828988267226,0.6782181614877589,Social Business
0.43836055730671575,0.40776690285624617,Social Business
0.44864451011294987,0.523733491839297,Community
0.27781413514578407,0.8464480743879472,Baseline
0.4381712142106646,0.6642721971123666,Public Outdoor
0.23317242470011385,0.8061897685185185,Public Outdoor
0.4453211386918834,0.5312615662272443,Community
0.46929625251729273,0.6974308215630886,Public Outdoor
0.17851112533928729,0.7208315026679222,Baseline
0.5853374244812187,0.4569304323603265,Community
0.7505868838105244,0.6019419546453233,Public Outdoor
0.7581132661325628,0.6046799270244821,Public Outdoor
0.6918947388582436,0.511702107658506,Public Outdoor
0.36962470996410124,0.35674379865034533,Community
0.4346634226425007,0.6923782650659134,Community
0.15045546143069788,0.2374350086315129,Baseline
0.5217399767971281,0.5251355375078469,Community
0.27739832435863765,0.9226123391399874,Public Outdoor
0.6733547609666404,0.6252220354676711,Community
0.6735791568163908,0.6243411989956058,Community
0.2552714079327555,0.6117332007219084,Public Outdoor
0.6601825409333684,0.7001173399246705,Social Business
0.3720734097276946,0.3782961079723792,Social Business
0.49594379542071626,0.6681227055869429,Community
0.360185560590141,0.5929498203075958,Public Outdoor
0.5285096510813414,0.5746147999058382,Social Business
0.3934353307503721,0.7110818290960452,Public Outdoor
0.40609661916644785,0.6579111911487758,Community
0.535961317966903,0.5361881151914627,Social Business
0.47064276770860697,0.750680323289391,Baseline
0.28111880089309166,0.5836149223163842,Social Business
0.7018073734786796,0.32232912429378546,Community
0.26194740171613695,0.7327945519460137,Community
0.6938515191314246,0.620244673571877,Community
0.7174522863584625,0.7222449231010672,Public Outdoor
0.35038152197705985,0.8743581073446327,Public Outdoor
0.7504548025566938,0.598492570621469,Public Outdoor
0.17573002692408723,0.23902170354676722,Community
0.5633491014359513,0.16598805006277484,Community
0.8275075343665178,0.6602819303201507,Community
0.33610814070571754,0.07211766870684255,Community
0.28764596685929433,0.8432966807909604,Public Outdoor
0.410983170256545,0.6011965105147521,Public Outdoor
0.3958365062166186,0.8084023438480854,Community
0.30696051133876195,0.8623750329566855,Community
0.6670972353559232,0.31396272677338366,Community
0.3746658337711234,0.3807602236346517,Baseline
0.7996135616408371,0.679023298022599,Public Outdoor
0.7166399964976797,0.37531090003138734,Public Outdoor
0.616598012433237,0.589009016792216,Public Outdoor
0.5545477366255145,0.4666757776208412,Social Business
0.3470632398651607,0.7879858686440678,Public Outdoor
0.6358991747657823,0.3420842443502826,Social Business
0.27643013089922075,0.5895134376961708,Community
0.17105787365379566,0.608243957156309,Baseline
0.6809072541808948,0.317816979755179,Baseline
0.9539069258383679,0.7994734424042687,Community
0.4902120687768147,0.8159137688323916,Baseline
0.5906861964801681,0.5922677463904583,Public Outdoor
0.34769350100691715,0.8813357383866918,Social Business
0.34743569192715174,0.8813803413370997,Community
0.191706365467122,0.5353606975831765,Social Business
0.652740353296559,0.5418053994036409,Community
0.49317414740390514,0.6568878703703704,Public Outdoor
0.4351751357149111,0.671816978185813,Social Business
0.5214426681113739,0.5249344836785939,Social Business
0.48892043494440074,0.7078695213433772,Public Outdoor
0.7820848666929341,0.5040319970182048,Baseline
0.3746894295595833,0.3779060075329568,Public Outdoor
0.5079086791874617,0.4324624780288764,Community
0.4202603810962263,0.5390261731010673,Social Business
0.29668612315033716,0.23646987994350288,Community
0.6369878009806498,0.38920614799121167,Community
0.36816058685754316,0.5902963543628374,Community
0.3693529824446196,0.5894069499372254,Community
0.44656413405130907,0.6588904755178908,Social Business
0.6194016800192627,0.4516862162586316,Social Business
0.5084517785220208,0.5292437649089768,Public Outdoor
0.34113680938621843,0.7104103413370999,Public Outdoor
0.13206777099203224,0.2199694899560578,Community
0.5411584493476929,0.5732214932517263,Social Business
0.4674768332457754,0.6533855092592593,Baseline
0.325771474695736,0.7260878170119272,Community
0.799058011557657,0.5043262758945387,Community
0.340452938665616,0.6023813449466415,Public Outdoor
0.8173402110147973,0.5180888394538607,Public Outdoor
0.6158654408545662,0.5524208286252354,Community
0.49004673299185714,0.7094810655994979,Social Business
0.23789527843446287,-0.042803565599497606,Public Outdoor
0.37457529441379916,0.6969907532956685,Public Outdoor
0.3880468336835654,0.660298095574388,Public Outdoor
0.44360825124770165,0.5011845009416196,Community
0.7402528631468347,0.2805141737288136,Community
0.7416317748008056,0.6154666227244193,Public Outdoor
0.455727011645215,0.5791310389202763,Community
0.36822539510550745,0.5899801687068424,Community
0.3643749693546975,0.5914569052102951,Social Business
0.3960904857280449,0.593966521500314,Community
0.3656999463707206,0.5941959800690522,Social Business
0.6468516854916382,0.5424176153483993,Community
0.44888823001488487,0.5278677926867547,Community
0.9491775873391122,0.7639294483678594,Public Outdoor
0.7218426451273969,0.6592039234149404,Public Outdoor
0.36107370851939413,0.7241425510043942,Public Outdoor
0.4312755187811926,0.3910035875706216,Community
0.6597378042640749,0.6353479182360326,Social Business
0.46851212568951933,0.7130854441305713,Public Outdoor
0.7394624014972419,0.5796836723163843,Community
0.4493663087733124,0.5801238935969868,Community
0.16107749649767975,0.5760716156622725,Social Business
0.5071477738376675,0.7008569263967357,Public Outdoor
0.3464387323789511,0.8890627157878217,Social Business
0.6511735793713335,0.5435082062146894,Community
0.22439852464757903,0.5667135773697427,Social Business
0.2570428311881622,0.6550108105775267,Public Outdoor
0.4691087579896682,0.5359081348085374,Public Outdoor
0.2782142172314159,-0.03702366211550512,Baseline
0.2805363967691095,0.8188297010357816,Social Business
0.49698220821294115,0.5340237280288764,Community
0.33958983232641626,0.8868092027620841,Social Business
0.3781078506698188,0.6170694303201507,Social Business
0.36956911610191756,0.6271877691462648,Baseline
0.36425263659049123,0.36678459745762715,Social Business
0.4436985388757552,0.8072842176710608,Community
0.3675475790211015,0.36172604362837424,Social Business
0.709881902854391,0.6853444138418079,Public Outdoor
0.9363777252429735,0.7555176561519146,Public Outdoor
0.4196135747745382,0.7596089532328939,Social Business
0.3423236154890115,0.8841964650031388,Community
0.4036858254531127,0.5854479755178909,Social Business
0.6549283151650469,0.5404599756748274,Social Business
0.0983553257157867,0.5673803060263654,Community
0.4922721882934945,0.7222375533584432,Public Outdoor
